"","Min.","1st Qu.","Median","Mean","3rd Qu.","Max."
"MCF.high",0.11,0.18,0.21,0.209103732001175,0.24,0.32
"MCF.low",0.1,0.15,0.18,0.186353217749045,0.21,0.3
"MCF.2",0.11,0.17,0.2,0.204449015574493,0.23,0.32
